"pet_id","visit_date","issue","resolution"
9692,2022-10-09,"Dental Cleaning","Cleaning done, no dental issues"
9186,2022-05-15,"Ear Infection","Medication and follow-up in 2 weeks for infection"
2709,2023-12-24,"Annual Checkup","All clear, healthy diet recommended"
2513,2023-03-18,"Annual Checkup","Vaccination completed, next due in 1 year"
2016,2023-10-03,"Dental Cleaning","Cleaning done, no dental issues"
8237,2022-11-07,"Annual Checkup","All clear, healthy diet recommended"
8510,2023-04-12,"Dental Cleaning","Cleaning done, no dental issues"
8572,2023-07-23,"Annual Checkup","All clear, healthy diet recommended"
4761,2023-12-03,"Annual Checkup","Diet adjustment recommended for weight management"
1001,2023-09-21,"Annual Checkup","All clear, healthy diet recommended"
9900,2023-02-02,"Injury","Minor surgery performed, recovery monitored"
7818,2023-05-18,"Annual Checkup","Diet adjustment recommended for weight management"
1949,2023-01-04,"Annual Checkup","Vaccination completed, next due in 1 year"
6480,2023-09-26,"Ear Infection","Medication and follow-up in 2 weeks for infection"
4346,2023-03-25,"Annual Checkup","All clear, healthy diet recommended"
4734,2023-01-03,"Annual Checkup","Diet adjustment recommended for weight management"
694,2022-07-30,"Injury","Sprain identified, rest and limited movement advised"
4734,2023-11-03,"Dental Cleaning","Cleaning done, no dental issues"
3723,2022-08-02,"Injury","Minor surgery performed, recovery monitored"
8631,2022-12-24,"Injury","Sprain identified, rest and limited movement advised"
5334,2023-02-25,"Annual Checkup","Vaccination completed, next due in 1 year"
2429,2022-11-09,"Dental Cleaning","Cleaning done, no dental issues"
2709,2023-11-28,"Dental Cleaning","Cleaning done, no dental issues"
2415,2022-08-03,"Annual Checkup","All clear, healthy diet recommended"
4777,2023-01-16,"Annual Checkup","Diet adjustment recommended for weight management"
8804,2022-04-12,"Injury","Sprain identified, rest and limited movement advised"
1366,2023-10-08,"Injury","Minor surgery performed, recovery monitored"
5008,2022-06-07,"Annual Checkup","All clear, healthy diet recommended"
4947,2023-04-03,"Annual Checkup","Vaccination completed, next due in 1 year"
637,2023-02-15,"Injury","Minor surgery performed, recovery monitored"
6087,2023-08-06,"Annual Checkup","Vaccination completed, next due in 1 year"
8746,2023-01-26,"Annual Checkup","All clear, healthy diet recommended"
7833,2023-11-22,"Annual Checkup","Diet adjustment recommended for weight management"
8993,2023-06-03,"Annual Checkup","Vaccination completed, next due in 1 year"
5958,2022-12-31,"Annual Checkup","Diet adjustment recommended for weight management"
1343,2023-12-29,"Dental Cleaning","Cleaning done, no dental issues"
8705,2023-06-15,"Annual Checkup","Vaccination completed, next due in 1 year"
3885,2023-09-05,"Dental Cleaning","Cleaning done, no dental issues"
8353,2023-08-18,"Annual Checkup","All clear, healthy diet recommended"
8805,2023-09-07,"Injury","Sprain identified, rest and limited movement advised"
6480,2023-07-05,"Injury","Sprain identified, rest and limited movement advised"
4947,2023-05-14,"Annual Checkup","Diet adjustment recommended for weight management"
5421,2023-09-15,"Ear Infection","Medication and follow-up in 2 weeks for infection"
3767,2022-05-08,"Dental Cleaning","Cleaning done, no dental issues"
9379,2022-07-01,"Dental Cleaning","Cleaning done, no dental issues"
6602,2023-09-18,"Annual Checkup","Vaccination completed, next due in 1 year"
1382,2023-03-26,"Injury","Minor surgery performed, recovery monitored"
3057,2023-03-25,"Annual Checkup","Diet adjustment recommended for weight management"
217,2023-06-12,"Annual Checkup","All clear, healthy diet recommended"
6963,2023-11-14,"Ear Infection","Medication and follow-up in 2 weeks for infection"
6454,2022-07-18,"Annual Checkup","All clear, healthy diet recommended"
3224,2023-09-14,"Ear Infection","Medication and follow-up in 2 weeks for infection"
8903,2022-08-01,"Dental Cleaning","Cleaning done, no dental issues"
2726,2023-07-15,"Annual Checkup","Diet adjustment recommended for weight management"
3154,2023-03-15,"Injury","Sprain identified, rest and limited movement advised"
556,2023-02-28,"Annual Checkup","Vaccination completed, next due in 1 year"
3884,2022-04-02,"Ear Infection","Medication and follow-up in 2 weeks for infection"
3828,2022-06-11,"Annual Checkup","Vaccination completed, next due in 1 year"
6141,2022-05-15,"Dental Cleaning","Cleaning done, no dental issues"
5501,2023-04-29,"Annual Checkup","Diet adjustment recommended for weight management"
5071,2023-10-23,"Annual Checkup","All clear, healthy diet recommended"
8342,2022-04-05,"Annual Checkup","Diet adjustment recommended for weight management"
5823,2023-02-13,"Ear Infection","Medication and follow-up in 2 weeks for infection"
8702,2022-04-07,"Injury","Physical therapy recommended for joint issues"
2898,2023-12-30,"Dental Cleaning","Cleaning done, no dental issues"
4955,2022-11-06,"Dental Cleaning","Cleaning done, no dental issues"
6141,2023-01-01,"Injury","Sprain identified, rest and limited movement advised"
2777,2023-11-08,"Dental Cleaning","Cleaning done, no dental issues"
4307,2023-10-16,"Injury","Sprain identified, rest and limited movement advised"
3370,2023-06-20,"Dental Cleaning","Cleaning done, no dental issues"
8705,2023-03-21,"Annual Checkup","Vaccination completed, next due in 1 year"
3856,2022-05-27,"Ear Infection","Medication and follow-up in 2 weeks for infection"
556,2023-12-23,"Annual Checkup","Vaccination completed, next due in 1 year"
579,2023-01-20,"Dental Cleaning","Cleaning done, no dental issues"
4834,2023-11-10,"Injury","Sprain identified, rest and limited movement advised"
4899,2022-05-02,"Annual Checkup","Diet adjustment recommended for weight management"
5243,2022-11-22,"Annual Checkup","Diet adjustment recommended for weight management"
2549,2022-09-28,"Injury","Sprain identified, rest and limited movement advised"
579,2023-04-07,"Dental Cleaning","Cleaning done, no dental issues"
1303,2023-01-28,"Annual Checkup","Diet adjustment recommended for weight management"
8177,2023-08-14,"Injury","Sprain identified, rest and limited movement advised"
1963,2023-10-08,"Annual Checkup","All clear, healthy diet recommended"
1173,2023-02-14,"Annual Checkup","Diet adjustment recommended for weight management"
9466,2022-07-17,"Annual Checkup","All clear, healthy diet recommended"
3936,2022-07-10,"Annual Checkup","Vaccination completed, next due in 1 year"
8047,2023-09-21,"Dental Cleaning","Cleaning done, no dental issues"
8691,2022-11-11,"Annual Checkup","All clear, healthy diet recommended"
6032,2023-12-01,"Annual Checkup","Diet adjustment recommended for weight management"
9236,2022-04-27,"Injury","Physical therapy recommended for joint issues"
2912,2022-12-30,"Ear Infection","Medication and follow-up in 2 weeks for infection"
3040,2023-08-09,"Dental Cleaning","Cleaning done, no dental issues"
5421,2023-06-09,"Annual Checkup","Vaccination completed, next due in 1 year"
1057,2023-03-20,"Dental Cleaning","Cleaning done, no dental issues"
7975,2023-09-18,"Annual Checkup","Diet adjustment recommended for weight management"
9684,2022-07-29,"Dental Cleaning","Cleaning done, no dental issues"
3100,2022-08-25,"Dental Cleaning","Cleaning done, no dental issues"
2513,2022-10-24,"Injury","Physical therapy recommended for joint issues"
6901,2023-05-13,"Dental Cleaning","Cleaning done, no dental issues"
5090,2023-02-27,"Annual Checkup","All clear, healthy diet recommended"
2882,2022-07-02,"Annual Checkup","Vaccination completed, next due in 1 year"
741,2022-11-08,"Injury","Physical therapy recommended for joint issues"
3612,2023-12-04,"Dental Cleaning","Cleaning done, no dental issues"
9946,2023-01-13,"Dental Cleaning","Cleaning done, no dental issues"
5323,2022-06-19,"Injury","Sprain identified, rest and limited movement advised"
3484,2023-10-09,"Injury","Physical therapy recommended for joint issues"
4768,2023-04-18,"Annual Checkup","All clear, healthy diet recommended"
5198,2022-07-11,"Annual Checkup","Vaccination completed, next due in 1 year"
601,2023-07-21,"Annual Checkup","Vaccination completed, next due in 1 year"
1292,2023-10-20,"Annual Checkup","All clear, healthy diet recommended"
3304,2023-06-25,"Injury","Minor surgery performed, recovery monitored"
4410,2023-02-13,"Dental Cleaning","Cleaning done, no dental issues"
6480,2022-09-27,"Ear Infection","Medication and follow-up in 2 weeks for infection"
8318,2022-05-03,"Annual Checkup","Vaccination completed, next due in 1 year"
5789,2023-09-26,"Annual Checkup","Diet adjustment recommended for weight management"
637,2022-10-12,"Annual Checkup","Vaccination completed, next due in 1 year"
3190,2023-01-10,"Ear Infection","Medication and follow-up in 2 weeks for infection"
2805,2023-08-02,"Annual Checkup","Diet adjustment recommended for weight management"
1334,2022-04-30,"Annual Checkup","All clear, healthy diet recommended"
3370,2023-09-04,"Ear Infection","Medication and follow-up in 2 weeks for infection"
5017,2023-03-04,"Injury","Physical therapy recommended for joint issues"
7352,2023-12-07,"Dental Cleaning","Cleaning done, no dental issues"
833,2022-12-15,"Dental Cleaning","Cleaning done, no dental issues"
7799,2022-04-19,"Annual Checkup","All clear, healthy diet recommended"
1322,2023-04-17,"Dental Cleaning","Cleaning done, no dental issues"
9706,2023-09-27,"Injury","Minor surgery performed, recovery monitored"
1735,2023-09-20,"Annual Checkup","Vaccination completed, next due in 1 year"
6087,2023-07-13,"Annual Checkup","Diet adjustment recommended for weight management"
500,2023-09-24,"Annual Checkup","Vaccination completed, next due in 1 year"
3057,2023-08-10,"Annual Checkup","Diet adjustment recommended for weight management"
5563,2022-11-15,"Annual Checkup","Diet adjustment recommended for weight management"
6838,2022-06-20,"Annual Checkup","Vaccination completed, next due in 1 year"
3300,2023-09-05,"Annual Checkup","All clear, healthy diet recommended"
5008,2023-10-29,"Annual Checkup","Vaccination completed, next due in 1 year"
83,2022-06-16,"Dental Cleaning","Cleaning done, no dental issues"
5610,2022-10-15,"Injury","Minor surgery performed, recovery monitored"
8412,2023-10-16,"Annual Checkup","All clear, healthy diet recommended"
1417,2022-09-22,"Injury","Sprain identified, rest and limited movement advised"
7936,2023-09-20,"Injury","Minor surgery performed, recovery monitored"
3088,2023-03-23,"Annual Checkup","Vaccination completed, next due in 1 year"
7022,2023-03-28,"Annual Checkup","Diet adjustment recommended for weight management"
309,2023-05-02,"Annual Checkup","Diet adjustment recommended for weight management"
3530,2023-03-01,"Annual Checkup","All clear, healthy diet recommended"
4777,2022-08-14,"Annual Checkup","Vaccination completed, next due in 1 year"
7970,2023-08-19,"Dental Cleaning","Cleaning done, no dental issues"
997,2022-05-05,"Annual Checkup","Vaccination completed, next due in 1 year"
4074,2023-08-10,"Injury","Sprain identified, rest and limited movement advised"
1060,2022-08-02,"Dental Cleaning","Cleaning done, no dental issues"
9968,2023-04-30,"Annual Checkup","All clear, healthy diet recommended"
2893,2023-12-14,"Annual Checkup","Vaccination completed, next due in 1 year"
9030,2023-09-03,"Injury","Minor surgery performed, recovery monitored"
3484,2023-06-27,"Dental Cleaning","Cleaning done, no dental issues"
9357,2023-04-25,"Ear Infection","Medication and follow-up in 2 weeks for infection"
236,2022-06-03,"Injury","Minor surgery performed, recovery monitored"
5925,2022-06-26,"Annual Checkup","All clear, healthy diet recommended"
6331,2022-07-14,"Annual Checkup","Vaccination completed, next due in 1 year"
3026,2022-04-09,"Injury","Physical therapy recommended for joint issues"
5008,2023-01-23,"Annual Checkup","Vaccination completed, next due in 1 year"
2218,2022-06-03,"Annual Checkup","Diet adjustment recommended for weight management"
215,2022-12-14,"Dental Cleaning","Cleaning done, no dental issues"
4768,2023-10-10,"Annual Checkup","Diet adjustment recommended for weight management"
1366,2022-12-03,"Ear Infection","Medication and follow-up in 2 weeks for infection"
7706,2023-11-05,"Dental Cleaning","Cleaning done, no dental issues"
4690,2023-09-01,"Annual Checkup","Vaccination completed, next due in 1 year"
5610,2022-07-20,"Dental Cleaning","Cleaning done, no dental issues"
4947,2023-08-27,"Injury","Minor surgery performed, recovery monitored"
8805,2023-05-25,"Ear Infection","Medication and follow-up in 2 weeks for infection"
9227,2023-01-06,"Annual Checkup","All clear, healthy diet recommended"
6816,2022-05-09,"Annual Checkup","Vaccination completed, next due in 1 year"
5414,2023-06-05,"Injury","Sprain identified, rest and limited movement advised"
9319,2022-04-05,"Annual Checkup","Vaccination completed, next due in 1 year"
5747,2023-04-04,"Annual Checkup","All clear, healthy diet recommended"
248,2022-11-06,"Annual Checkup","Diet adjustment recommended for weight management"
8967,2022-07-12,"Annual Checkup","Vaccination completed, next due in 1 year"
9946,2023-07-12,"Dental Cleaning","Cleaning done, no dental issues"
2733,2023-11-06,"Annual Checkup","Vaccination completed, next due in 1 year"
309,2022-10-31,"Annual Checkup","Vaccination completed, next due in 1 year"
3830,2023-04-29,"Annual Checkup","All clear, healthy diet recommended"
6934,2023-03-18,"Annual Checkup","Diet adjustment recommended for weight management"
6205,2023-07-08,"Annual Checkup","Diet adjustment recommended for weight management"
3420,2022-09-30,"Annual Checkup","Vaccination completed, next due in 1 year"
7785,2023-04-14,"Annual Checkup","All clear, healthy diet recommended"
9960,2022-04-02,"Annual Checkup","Diet adjustment recommended for weight management"
986,2023-04-18,"Annual Checkup","Diet adjustment recommended for weight management"
1322,2022-06-15,"Injury","Sprain identified, rest and limited movement advised"
8710,2022-12-19,"Dental Cleaning","Cleaning done, no dental issues"
5540,2022-08-30,"Annual Checkup","Diet adjustment recommended for weight management"
6032,2022-09-20,"Injury","Sprain identified, rest and limited movement advised"
4073,2022-09-15,"Annual Checkup","Diet adjustment recommended for weight management"
9922,2022-06-05,"Annual Checkup","Vaccination completed, next due in 1 year"
5301,2023-07-09,"Dental Cleaning","Cleaning done, no dental issues"
1297,2022-05-05,"Annual Checkup","Vaccination completed, next due in 1 year"
6620,2023-07-02,"Annual Checkup","Diet adjustment recommended for weight management"
9230,2022-10-22,"Injury","Sprain identified, rest and limited movement advised"
4339,2023-01-04,"Dental Cleaning","Cleaning done, no dental issues"
9472,2023-11-12,"Dental Cleaning","Cleaning done, no dental issues"
9706,2023-10-12,"Dental Cleaning","Cleaning done, no dental issues"
6851,2023-09-14,"Annual Checkup","All clear, healthy diet recommended"
6315,2023-05-05,"Injury","Minor surgery performed, recovery monitored"
2549,2023-12-22,"Injury","Physical therapy recommended for joint issues"
9659,2023-08-12,"Ear Infection","Medication and follow-up in 2 weeks for infection"
3520,2022-12-31,"Annual Checkup","Vaccination completed, next due in 1 year"
6087,2022-07-12,"Dental Cleaning","Cleaning done, no dental issues"
774,2023-12-22,"Annual Checkup","Diet adjustment recommended for weight management"
8396,2022-04-29,"Injury","Minor surgery performed, recovery monitored"
5468,2022-05-13,"Dental Cleaning","Cleaning done, no dental issues"
9187,2022-08-17,"Injury","Physical therapy recommended for joint issues"
7298,2023-10-26,"Dental Cleaning","Cleaning done, no dental issues"
1309,2022-10-30,"Annual Checkup","Vaccination completed, next due in 1 year"
9357,2023-11-24,"Ear Infection","Medication and follow-up in 2 weeks for infection"
1060,2022-04-09,"Injury","Minor surgery performed, recovery monitored"
6032,2023-11-23,"Annual Checkup","Vaccination completed, next due in 1 year"
6102,2022-10-12,"Ear Infection","Medication and follow-up in 2 weeks for infection"
8586,2023-09-27,"Annual Checkup","Vaccination completed, next due in 1 year"
4074,2022-09-04,"Annual Checkup","All clear, healthy diet recommended"
7788,2022-07-04,"Injury","Minor surgery performed, recovery monitored"
217,2023-05-20,"Annual Checkup","All clear, healthy diet recommended"
5501,2023-10-22,"Annual Checkup","Vaccination completed, next due in 1 year"
9578,2023-01-14,"Annual Checkup","Diet adjustment recommended for weight management"
627,2022-10-03,"Annual Checkup","All clear, healthy diet recommended"
8177,2022-08-04,"Injury","Sprain identified, rest and limited movement advised"
6609,2022-11-05,"Ear Infection","Medication and follow-up in 2 weeks for infection"
751,2023-09-26,"Annual Checkup","Diet adjustment recommended for weight management"
2735,2023-03-18,"Annual Checkup","All clear, healthy diet recommended"
7785,2023-07-25,"Ear Infection","Medication and follow-up in 2 weeks for infection"
9813,2023-01-01,"Annual Checkup","All clear, healthy diet recommended"
6409,2023-04-14,"Annual Checkup","Vaccination completed, next due in 1 year"
7970,2022-10-17,"Dental Cleaning","Cleaning done, no dental issues"
9718,2022-09-22,"Annual Checkup","All clear, healthy diet recommended"
9191,2023-10-25,"Annual Checkup","All clear, healthy diet recommended"
309,2022-05-20,"Injury","Sprain identified, rest and limited movement advised"
1169,2022-12-26,"Ear Infection","Medication and follow-up in 2 weeks for infection"
8804,2022-06-02,"Annual Checkup","All clear, healthy diet recommended"
4778,2023-10-06,"Annual Checkup","All clear, healthy diet recommended"
7281,2022-05-23,"Annual Checkup","Diet adjustment recommended for weight management"
4912,2022-10-31,"Annual Checkup","Diet adjustment recommended for weight management"
6816,2023-11-02,"Annual Checkup","Diet adjustment recommended for weight management"
4539,2022-11-19,"Annual Checkup","Diet adjustment recommended for weight management"
6121,2022-11-23,"Annual Checkup","Vaccination completed, next due in 1 year"
5503,2023-04-30,"Annual Checkup","Diet adjustment recommended for weight management"
8518,2022-04-05,"Annual Checkup","Vaccination completed, next due in 1 year"
1417,2022-06-26,"Injury","Minor surgery performed, recovery monitored"
2882,2022-09-07,"Dental Cleaning","Cleaning done, no dental issues"
1057,2023-02-23,"Injury","Physical therapy recommended for joint issues"
7833,2022-06-28,"Annual Checkup","All clear, healthy diet recommended"
6241,2022-05-18,"Annual Checkup","Diet adjustment recommended for weight management"
2805,2022-07-05,"Ear Infection","Medication and follow-up in 2 weeks for infection"
637,2022-05-11,"Annual Checkup","All clear, healthy diet recommended"
5198,2022-06-25,"Annual Checkup","All clear, healthy diet recommended"
8226,2022-11-06,"Annual Checkup","Vaccination completed, next due in 1 year"
5107,2022-08-13,"Annual Checkup","Vaccination completed, next due in 1 year"
4768,2022-06-26,"Injury","Sprain identified, rest and limited movement advised"
6901,2022-11-10,"Ear Infection","Medication and follow-up in 2 weeks for infection"
7972,2023-06-14,"Annual Checkup","Diet adjustment recommended for weight management"
9,2023-12-15,"Annual Checkup","All clear, healthy diet recommended"
1956,2023-09-24,"Dental Cleaning","Cleaning done, no dental issues"
6897,2022-08-11,"Annual Checkup","All clear, healthy diet recommended"
1540,2023-01-24,"Annual Checkup","Diet adjustment recommended for weight management"
6089,2022-05-11,"Injury","Sprain identified, rest and limited movement advised"
1057,2022-08-29,"Annual Checkup","Diet adjustment recommended for weight management"
9689,2022-04-15,"Annual Checkup","Vaccination completed, next due in 1 year"
8136,2023-10-03,"Annual Checkup","Vaccination completed, next due in 1 year"
6376,2022-04-04,"Injury","Sprain identified, rest and limited movement advised"
9930,2022-09-05,"Injury","Sprain identified, rest and limited movement advised"
6518,2023-03-26,"Annual Checkup","All clear, healthy diet recommended"
9558,2022-06-15,"Injury","Physical therapy recommended for joint issues"
1939,2022-10-06,"Injury","Minor surgery performed, recovery monitored"
6917,2023-11-22,"Annual Checkup","Diet adjustment recommended for weight management"
2278,2023-06-15,"Dental Cleaning","Cleaning done, no dental issues"
2544,2023-10-07,"Annual Checkup","All clear, healthy diet recommended"
1286,2022-12-14,"Annual Checkup","Vaccination completed, next due in 1 year"
4539,2023-10-13,"Dental Cleaning","Cleaning done, no dental issues"
5968,2023-02-13,"Dental Cleaning","Cleaning done, no dental issues"
2144,2023-08-30,"Annual Checkup","Diet adjustment recommended for weight management"
6087,2023-01-27,"Dental Cleaning","Cleaning done, no dental issues"
6556,2022-05-22,"Injury","Minor surgery performed, recovery monitored"
696,2022-12-27,"Dental Cleaning","Cleaning done, no dental issues"
7972,2022-11-18,"Annual Checkup","Vaccination completed, next due in 1 year"
4955,2023-02-11,"Dental Cleaning","Cleaning done, no dental issues"
9179,2023-10-19,"Annual Checkup","Vaccination completed, next due in 1 year"
5630,2023-05-24,"Annual Checkup","Vaccination completed, next due in 1 year"
6338,2022-04-17,"Dental Cleaning","Cleaning done, no dental issues"
997,2022-10-28,"Injury","Physical therapy recommended for joint issues"
4073,2023-10-16,"Dental Cleaning","Cleaning done, no dental issues"
831,2023-02-14,"Annual Checkup","Diet adjustment recommended for weight management"
2549,2022-10-30,"Injury","Minor surgery performed, recovery monitored"
1640,2023-08-05,"Annual Checkup","Vaccination completed, next due in 1 year"
4278,2023-01-15,"Dental Cleaning","Cleaning done, no dental issues"
3040,2022-05-02,"Ear Infection","Medication and follow-up in 2 weeks for infection"
5958,2022-06-22,"Annual Checkup","All clear, healthy diet recommended"
1006,2022-05-09,"Annual Checkup","All clear, healthy diet recommended"
3444,2023-01-22,"Injury","Sprain identified, rest and limited movement advised"
1585,2022-06-27,"Annual Checkup","Vaccination completed, next due in 1 year"
2016,2023-03-02,"Injury","Physical therapy recommended for joint issues"
7716,2022-08-19,"Injury","Sprain identified, rest and limited movement advised"
9632,2022-09-17,"Annual Checkup","Vaccination completed, next due in 1 year"
7515,2023-10-16,"Injury","Physical therapy recommended for joint issues"
2794,2022-06-22,"Dental Cleaning","Cleaning done, no dental issues"
9472,2022-09-23,"Annual Checkup","All clear, healthy diet recommended"
9445,2022-07-06,"Annual Checkup","Vaccination completed, next due in 1 year"
2448,2023-01-14,"Injury","Minor surgery performed, recovery monitored"
3228,2022-07-17,"Dental Cleaning","Cleaning done, no dental issues"
1292,2023-05-30,"Dental Cleaning","Cleaning done, no dental issues"
4238,2023-08-19,"Injury","Physical therapy recommended for joint issues"
3228,2022-04-03,"Annual Checkup","Vaccination completed, next due in 1 year"
7515,2022-10-10,"Annual Checkup","Diet adjustment recommended for weight management"
9124,2022-12-23,"Ear Infection","Medication and follow-up in 2 weeks for infection"
1207,2022-07-07,"Dental Cleaning","Cleaning done, no dental issues"
6141,2023-12-18,"Annual Checkup","All clear, healthy diet recommended"
337,2023-01-01,"Annual Checkup","Diet adjustment recommended for weight management"
5017,2023-08-25,"Dental Cleaning","Cleaning done, no dental issues"
7281,2022-11-16,"Annual Checkup","Vaccination completed, next due in 1 year"
7956,2023-08-22,"Injury","Sprain identified, rest and limited movement advised"
5940,2023-06-28,"Annual Checkup","Vaccination completed, next due in 1 year"
9960,2022-07-22,"Dental Cleaning","Cleaning done, no dental issues"
6725,2023-09-02,"Annual Checkup","Diet adjustment recommended for weight management"
5850,2022-12-01,"Annual Checkup","Vaccination completed, next due in 1 year"
3856,2023-10-29,"Annual Checkup","Vaccination completed, next due in 1 year"
8586,2022-08-25,"Dental Cleaning","Cleaning done, no dental issues"
5890,2022-05-16,"Annual Checkup","Vaccination completed, next due in 1 year"
6121,2023-11-16,"Annual Checkup","All clear, healthy diet recommended"
7778,2022-04-18,"Annual Checkup","Diet adjustment recommended for weight management"
8903,2023-10-22,"Dental Cleaning","Cleaning done, no dental issues"
4056,2023-01-10,"Annual Checkup","All clear, healthy diet recommended"
454,2022-08-08,"Annual Checkup","Diet adjustment recommended for weight management"
637,2022-07-11,"Dental Cleaning","Cleaning done, no dental issues"
3291,2023-04-06,"Annual Checkup","Diet adjustment recommended for weight management"
2471,2023-05-01,"Annual Checkup","Vaccination completed, next due in 1 year"
8833,2022-04-29,"Dental Cleaning","Cleaning done, no dental issues"
2726,2022-11-18,"Injury","Physical therapy recommended for joint issues"
4024,2023-08-11,"Ear Infection","Medication and follow-up in 2 weeks for infection"
3846,2023-07-06,"Annual Checkup","Vaccination completed, next due in 1 year"
7144,2022-09-18,"Annual Checkup","Diet adjustment recommended for weight management"
9018,2023-10-30,"Annual Checkup","Diet adjustment recommended for weight management"
7825,2022-10-09,"Annual Checkup","Diet adjustment recommended for weight management"
7416,2023-08-20,"Dental Cleaning","Cleaning done, no dental issues"
4778,2023-05-13,"Annual Checkup","All clear, healthy diet recommended"
2178,2023-12-15,"Dental Cleaning","Cleaning done, no dental issues"
5404,2023-06-28,"Annual Checkup","Vaccination completed, next due in 1 year"
6725,2022-07-02,"Annual Checkup","Vaccination completed, next due in 1 year"
4768,2022-07-04,"Dental Cleaning","Cleaning done, no dental issues"
1006,2023-09-17,"Annual Checkup","Diet adjustment recommended for weight management"
239,2023-09-17,"Annual Checkup","Diet adjustment recommended for weight management"
7788,2023-08-08,"Injury","Sprain identified, rest and limited movement advised"
3723,2023-04-25,"Ear Infection","Medication and follow-up in 2 weeks for infection"
2869,2023-06-23,"Injury","Physical therapy recommended for joint issues"
4912,2023-10-28,"Annual Checkup","Vaccination completed, next due in 1 year"
9813,2023-03-05,"Dental Cleaning","Cleaning done, no dental issues"
236,2023-06-19,"Dental Cleaning","Cleaning done, no dental issues"
2794,2023-01-11,"Dental Cleaning","Cleaning done, no dental issues"
379,2022-05-15,"Ear Infection","Medication and follow-up in 2 weeks for infection"
1370,2022-08-06,"Annual Checkup","Vaccination completed, next due in 1 year"
3605,2022-08-09,"Injury","Physical therapy recommended for joint issues"
2448,2022-10-13,"Annual Checkup","Vaccination completed, next due in 1 year"
6824,2023-03-20,"Ear Infection","Medication and follow-up in 2 weeks for infection"
3723,2023-10-02,"Dental Cleaning","Cleaning done, no dental issues"
8208,2023-03-12,"Injury","Sprain identified, rest and limited movement advised"
637,2023-07-07,"Injury","Physical therapy recommended for joint issues"
8804,2022-09-07,"Annual Checkup","Vaccination completed, next due in 1 year"
2887,2023-07-13,"Injury","Physical therapy recommended for joint issues"
8967,2023-04-30,"Injury","Sprain identified, rest and limited movement advised"
8387,2022-07-09,"Dental Cleaning","Cleaning done, no dental issues"
3040,2023-02-17,"Annual Checkup","Diet adjustment recommended for weight management"
6338,2022-05-18,"Annual Checkup","All clear, healthy diet recommended"
2840,2023-12-03,"Ear Infection","Medication and follow-up in 2 weeks for infection"
7080,2023-04-21,"Dental Cleaning","Cleaning done, no dental issues"
7757,2023-08-03,"Dental Cleaning","Cleaning done, no dental issues"
8572,2023-09-05,"Annual Checkup","All clear, healthy diet recommended"
6147,2023-06-04,"Annual Checkup","All clear, healthy diet recommended"
4410,2023-10-30,"Dental Cleaning","Cleaning done, no dental issues"
2783,2022-11-06,"Annual Checkup","Diet adjustment recommended for weight management"
5799,2023-06-19,"Annual Checkup","All clear, healthy diet recommended"
5037,2022-07-10,"Annual Checkup","Diet adjustment recommended for weight management"
1939,2023-12-24,"Injury","Sprain identified, rest and limited movement advised"
9221,2022-06-26,"Dental Cleaning","Cleaning done, no dental issues"
5984,2022-04-27,"Ear Infection","Medication and follow-up in 2 weeks for infection"
9124,2023-01-02,"Annual Checkup","Diet adjustment recommended for weight management"
9968,2023-10-11,"Annual Checkup","Vaccination completed, next due in 1 year"
2843,2022-06-23,"Injury","Sprain identified, rest and limited movement advised"
2513,2023-03-14,"Annual Checkup","All clear, healthy diet recommended"
3300,2022-09-09,"Dental Cleaning","Cleaning done, no dental issues"
3223,2023-10-01,"Annual Checkup","All clear, healthy diet recommended"
9186,2022-10-23,"Annual Checkup","Diet adjustment recommended for weight management"
1956,2023-11-16,"Annual Checkup","Vaccination completed, next due in 1 year"
8691,2022-11-16,"Dental Cleaning","Cleaning done, no dental issues"
5987,2023-02-22,"Injury","Physical therapy recommended for joint issues"
6963,2022-10-06,"Annual Checkup","Diet adjustment recommended for weight management"
7785,2022-09-22,"Dental Cleaning","Cleaning done, no dental issues"
2881,2022-12-10,"Annual Checkup","Diet adjustment recommended for weight management"
3040,2022-09-07,"Annual Checkup","Diet adjustment recommended for weight management"
2869,2023-10-21,"Injury","Sprain identified, rest and limited movement advised"
3304,2023-07-25,"Annual Checkup","Diet adjustment recommended for weight management"
5090,2023-01-03,"Injury","Sprain identified, rest and limited movement advised"
8226,2022-08-20,"Injury","Physical therapy recommended for joint issues"
4339,2022-05-19,"Dental Cleaning","Cleaning done, no dental issues"
696,2023-05-08,"Dental Cleaning","Cleaning done, no dental issues"
427,2022-11-08,"Annual Checkup","Diet adjustment recommended for weight management"
864,2023-11-14,"Injury","Physical therapy recommended for joint issues"
8940,2023-06-05,"Injury","Physical therapy recommended for joint issues"
8789,2022-05-01,"Annual Checkup","Vaccination completed, next due in 1 year"
7833,2022-04-07,"Dental Cleaning","Cleaning done, no dental issues"
5406,2022-11-02,"Annual Checkup","Diet adjustment recommended for weight management"
3228,2022-12-23,"Annual Checkup","Diet adjustment recommended for weight management"
2178,2022-05-28,"Dental Cleaning","Cleaning done, no dental issues"
2729,2023-04-09,"Annual Checkup","Diet adjustment recommended for weight management"
2342,2023-05-07,"Annual Checkup","Vaccination completed, next due in 1 year"
4834,2023-10-17,"Annual Checkup","All clear, healthy diet recommended"
4074,2023-03-25,"Injury","Minor surgery performed, recovery monitored"
5890,2022-09-18,"Injury","Minor surgery performed, recovery monitored"
1292,2023-06-08,"Annual Checkup","Diet adjustment recommended for weight management"
8103,2022-12-12,"Injury","Minor surgery performed, recovery monitored"
2882,2022-09-25,"Annual Checkup","Diet adjustment recommended for weight management"
6859,2023-11-06,"Annual Checkup","Vaccination completed, next due in 1 year"
9030,2023-03-17,"Annual Checkup","All clear, healthy diet recommended"
1902,2023-03-05,"Annual Checkup","All clear, healthy diet recommended"
6778,2023-05-23,"Annual Checkup","All clear, healthy diet recommended"
658,2022-07-04,"Dental Cleaning","Cleaning done, no dental issues"
2882,2023-02-18,"Injury","Physical therapy recommended for joint issues"
3520,2023-04-14,"Annual Checkup","Vaccination completed, next due in 1 year"
2178,2023-12-28,"Injury","Minor surgery performed, recovery monitored"
9271,2022-04-16,"Annual Checkup","Vaccination completed, next due in 1 year"
9008,2023-08-02,"Annual Checkup","Vaccination completed, next due in 1 year"
6534,2023-10-01,"Injury","Physical therapy recommended for joint issues"
3300,2022-11-30,"Annual Checkup","Vaccination completed, next due in 1 year"
7970,2022-06-25,"Dental Cleaning","Cleaning done, no dental issues"
2471,2023-06-29,"Dental Cleaning","Cleaning done, no dental issues"
3300,2023-03-30,"Injury","Physical therapy recommended for joint issues"
6939,2023-08-06,"Annual Checkup","Vaccination completed, next due in 1 year"
150,2022-09-26,"Annual Checkup","Diet adjustment recommended for weight management"
9452,2023-09-20,"Ear Infection","Medication and follow-up in 2 weeks for infection"
9581,2023-11-20,"Annual Checkup","All clear, healthy diet recommended"
4212,2023-05-05,"Annual Checkup","All clear, healthy diet recommended"
9900,2022-08-26,"Annual Checkup","All clear, healthy diet recommended"
3017,2022-12-13,"Annual Checkup","Vaccination completed, next due in 1 year"
6919,2022-08-26,"Ear Infection","Medication and follow-up in 2 weeks for infection"
4307,2022-10-11,"Injury","Sprain identified, rest and limited movement advised"
4747,2022-05-02,"Injury","Physical therapy recommended for joint issues"
5799,2023-08-20,"Annual Checkup","Diet adjustment recommended for weight management"
1735,2023-11-25,"Annual Checkup","All clear, healthy diet recommended"
9071,2023-03-07,"Annual Checkup","All clear, healthy diet recommended"
6939,2023-12-12,"Dental Cleaning","Cleaning done, no dental issues"
6778,2023-08-25,"Annual Checkup","Diet adjustment recommended for weight management"
4778,2022-05-11,"Annual Checkup","Vaccination completed, next due in 1 year"
5216,2023-01-25,"Annual Checkup","Vaccination completed, next due in 1 year"
7757,2022-05-17,"Ear Infection","Medication and follow-up in 2 weeks for infection"
9191,2022-08-27,"Dental Cleaning","Cleaning done, no dental issues"
9618,2022-08-22,"Annual Checkup","Diet adjustment recommended for weight management"
5987,2023-03-01,"Ear Infection","Medication and follow-up in 2 weeks for infection"
1585,2023-12-20,"Dental Cleaning","Cleaning done, no dental issues"
5037,2023-01-20,"Dental Cleaning","Cleaning done, no dental issues"
3821,2023-04-26,"Ear Infection","Medication and follow-up in 2 weeks for infection"
4834,2023-05-12,"Annual Checkup","Diet adjustment recommended for weight management"
5090,2023-02-05,"Ear Infection","Medication and follow-up in 2 weeks for infection"
150,2023-10-04,"Ear Infection","Medication and follow-up in 2 weeks for infection"
751,2023-04-21,"Dental Cleaning","Cleaning done, no dental issues"
7716,2023-06-30,"Injury","Minor surgery performed, recovery monitored"
2415,2022-12-28,"Annual Checkup","All clear, healthy diet recommended"
7022,2023-06-26,"Annual Checkup","Vaccination completed, next due in 1 year"
986,2023-03-08,"Annual Checkup","Diet adjustment recommended for weight management"
6838,2023-07-09,"Annual Checkup","All clear, healthy diet recommended"
1635,2022-11-20,"Annual Checkup","All clear, healthy diet recommended"
7825,2023-09-05,"Dental Cleaning","Cleaning done, no dental issues"
306,2023-10-29,"Dental Cleaning","Cleaning done, no dental issues"
6725,2023-06-24,"Injury","Sprain identified, rest and limited movement advised"
8868,2023-04-30,"Annual Checkup","All clear, healthy diet recommended"
5395,2023-09-30,"Dental Cleaning","Cleaning done, no dental issues"
1846,2022-08-31,"Annual Checkup","All clear, healthy diet recommended"
6934,2023-12-03,"Annual Checkup","Vaccination completed, next due in 1 year"
2590,2023-01-13,"Injury","Minor surgery performed, recovery monitored"
5987,2023-08-08,"Annual Checkup","Diet adjustment recommended for weight management"
5863,2023-12-13,"Ear Infection","Medication and follow-up in 2 weeks for infection"
1207,2023-08-04,"Injury","Physical therapy recommended for joint issues"
6467,2023-10-18,"Injury","Sprain identified, rest and limited movement advised"
2840,2023-05-24,"Injury","Minor surgery performed, recovery monitored"
5091,2023-07-31,"Annual Checkup","Diet adjustment recommended for weight management"
7716,2023-07-03,"Annual Checkup","All clear, healthy diet recommended"
2284,2022-04-26,"Annual Checkup","Vaccination completed, next due in 1 year"
6731,2022-10-22,"Annual Checkup","All clear, healthy diet recommended"
8572,2023-02-26,"Annual Checkup","Vaccination completed, next due in 1 year"
9659,2023-06-21,"Dental Cleaning","Cleaning done, no dental issues"
2590,2022-04-22,"Annual Checkup","All clear, healthy diet recommended"
1322,2022-05-23,"Injury","Minor surgery performed, recovery monitored"
9485,2022-09-25,"Annual Checkup","Diet adjustment recommended for weight management"
8697,2022-04-07,"Ear Infection","Medication and follow-up in 2 weeks for infection"
8047,2023-11-09,"Ear Infection","Medication and follow-up in 2 weeks for infection"
4747,2023-02-19,"Annual Checkup","All clear, healthy diet recommended"
473,2022-06-22,"Annual Checkup","Diet adjustment recommended for weight management"
6376,2022-10-04,"Annual Checkup","Vaccination completed, next due in 1 year"
6683,2023-07-07,"Ear Infection","Medication and follow-up in 2 weeks for infection"
2837,2023-07-13,"Annual Checkup","Diet adjustment recommended for weight management"
5610,2022-10-21,"Annual Checkup","All clear, healthy diet recommended"
3220,2022-05-05,"Ear Infection","Medication and follow-up in 2 weeks for infection"
2794,2023-04-11,"Annual Checkup","Diet adjustment recommended for weight management"
2415,2022-04-04,"Annual Checkup","All clear, healthy diet recommended"
2813,2022-12-23,"Dental Cleaning","Cleaning done, no dental issues"
9539,2023-09-25,"Injury","Physical therapy recommended for joint issues"
4192,2023-01-04,"Annual Checkup","Vaccination completed, next due in 1 year"
9539,2023-10-13,"Dental Cleaning","Cleaning done, no dental issues"
8237,2023-11-16,"Dental Cleaning","Cleaning done, no dental issues"
3520,2023-09-23,"Annual Checkup","Diet adjustment recommended for weight management"
7788,2022-09-05,"Annual Checkup","All clear, healthy diet recommended"
538,2022-05-26,"Injury","Sprain identified, rest and limited movement advised"
8047,2023-08-09,"Ear Infection","Medication and follow-up in 2 weeks for infection"
5090,2023-09-01,"Dental Cleaning","Cleaning done, no dental issues"
1169,2023-11-22,"Injury","Minor surgery performed, recovery monitored"
9018,2022-05-22,"Annual Checkup","Vaccination completed, next due in 1 year"
6332,2022-05-19,"Annual Checkup","All clear, healthy diet recommended"
9379,2023-10-30,"Dental Cleaning","Cleaning done, no dental issues"
2415,2022-10-05,"Dental Cleaning","Cleaning done, no dental issues"
3686,2023-12-07,"Annual Checkup","All clear, healthy diet recommended"
9721,2023-07-04,"Annual Checkup","All clear, healthy diet recommended"
601,2023-04-19,"Annual Checkup","Vaccination completed, next due in 1 year"
627,2022-10-07,"Ear Infection","Medication and follow-up in 2 weeks for infection"
7785,2022-04-12,"Ear Infection","Medication and follow-up in 2 weeks for infection"
7825,2022-05-17,"Ear Infection","Medication and follow-up in 2 weeks for infection"
9659,2023-04-28,"Annual Checkup","Vaccination completed, next due in 1 year"
6141,2023-08-16,"Dental Cleaning","Cleaning done, no dental issues"
8993,2022-07-20,"Annual Checkup","Vaccination completed, next due in 1 year"
7485,2023-01-25,"Annual Checkup","Diet adjustment recommended for weight management"
6617,2022-12-04,"Annual Checkup","Diet adjustment recommended for weight management"
5968,2022-04-25,"Ear Infection","Medication and follow-up in 2 weeks for infection"
6467,2023-04-27,"Injury","Minor surgery performed, recovery monitored"
5037,2023-01-19,"Injury","Minor surgery performed, recovery monitored"
7680,2023-12-11,"Annual Checkup","Diet adjustment recommended for weight management"
4045,2023-10-26,"Dental Cleaning","Cleaning done, no dental issues"
5968,2023-09-22,"Annual Checkup","Diet adjustment recommended for weight management"
7485,2023-02-17,"Annual Checkup","Vaccination completed, next due in 1 year"
4726,2023-07-26,"Annual Checkup","All clear, healthy diet recommended"
5540,2023-01-11,"Annual Checkup","Diet adjustment recommended for weight management"
9632,2022-10-23,"Annual Checkup","All clear, healthy diet recommended"
5418,2023-10-17,"Annual Checkup","All clear, healthy diet recommended"
2898,2022-04-12,"Ear Infection","Medication and follow-up in 2 weeks for infection"
1204,2023-04-28,"Injury","Sprain identified, rest and limited movement advised"
3420,2023-05-10,"Injury","Physical therapy recommended for joint issues"
2547,2023-07-04,"Annual Checkup","Diet adjustment recommended for weight management"
239,2023-10-06,"Injury","Sprain identified, rest and limited movement advised"
248,2022-07-20,"Annual Checkup","Vaccination completed, next due in 1 year"
4768,2023-05-19,"Annual Checkup","Diet adjustment recommended for weight management"
5503,2022-06-09,"Ear Infection","Medication and follow-up in 2 weeks for infection"
2813,2023-01-06,"Injury","Minor surgery performed, recovery monitored"
8789,2023-10-25,"Annual Checkup","All clear, healthy diet recommended"
5540,2023-01-11,"Injury","Physical therapy recommended for joint issues"
8418,2022-12-14,"Annual Checkup","All clear, healthy diet recommended"
7080,2023-05-17,"Dental Cleaning","Cleaning done, no dental issues"
5747,2022-05-03,"Annual Checkup","Diet adjustment recommended for weight management"
8989,2023-02-27,"Annual Checkup","Diet adjustment recommended for weight management"
4339,2023-01-18,"Ear Infection","Medication and follow-up in 2 weeks for infection"
7956,2022-12-06,"Annual Checkup","All clear, healthy diet recommended"
5823,2022-07-22,"Dental Cleaning","Cleaning done, no dental issues"
337,2023-05-07,"Annual Checkup","Diet adjustment recommended for weight management"
4480,2022-06-27,"Injury","Sprain identified, rest and limited movement advised"
5288,2023-09-11,"Annual Checkup","Diet adjustment recommended for weight management"
4899,2022-07-26,"Injury","Minor surgery performed, recovery monitored"
2630,2022-07-06,"Annual Checkup","Diet adjustment recommended for weight management"
4912,2023-10-20,"Ear Infection","Medication and follow-up in 2 weeks for infection"
9706,2023-02-25,"Annual Checkup","Vaccination completed, next due in 1 year"
1207,2023-09-23,"Annual Checkup","Diet adjustment recommended for weight management"
7113,2022-06-03,"Annual Checkup","All clear, healthy diet recommended"
2144,2023-04-03,"Dental Cleaning","Cleaning done, no dental issues"
1925,2022-06-20,"Annual Checkup","All clear, healthy diet recommended"
1678,2023-09-01,"Injury","Sprain identified, rest and limited movement advised"
8586,2023-01-21,"Annual Checkup","Diet adjustment recommended for weight management"
5062,2023-04-04,"Annual Checkup","Vaccination completed, next due in 1 year"
7022,2022-12-01,"Annual Checkup","Vaccination completed, next due in 1 year"
6032,2023-10-27,"Injury","Sprain identified, rest and limited movement advised"
1441,2023-12-09,"Dental Cleaning","Cleaning done, no dental issues"
9322,2022-12-15,"Dental Cleaning","Cleaning done, no dental issues"
6376,2023-09-23,"Dental Cleaning","Cleaning done, no dental issues"
8716,2023-05-28,"Ear Infection","Medication and follow-up in 2 weeks for infection"
3784,2023-09-07,"Annual Checkup","Vaccination completed, next due in 1 year"
5890,2022-10-06,"Dental Cleaning","Cleaning done, no dental issues"
9445,2023-01-19,"Annual Checkup","Diet adjustment recommended for weight management"
8237,2023-11-11,"Dental Cleaning","Cleaning done, no dental issues"
2783,2023-06-25,"Annual Checkup","Diet adjustment recommended for weight management"
4690,2023-06-13,"Annual Checkup","Vaccination completed, next due in 1 year"
538,2022-11-08,"Injury","Minor surgery performed, recovery monitored"
516,2023-02-13,"Injury","Sprain identified, rest and limited movement advised"
8710,2022-11-07,"Annual Checkup","All clear, healthy diet recommended"
9115,2022-12-21,"Annual Checkup","Diet adjustment recommended for weight management"
5919,2022-05-28,"Dental Cleaning","Cleaning done, no dental issues"
2888,2023-01-18,"Dental Cleaning","Cleaning done, no dental issues"
2726,2022-06-26,"Ear Infection","Medication and follow-up in 2 weeks for infection"
5071,2023-06-14,"Annual Checkup","Vaccination completed, next due in 1 year"
831,2022-10-19,"Dental Cleaning","Cleaning done, no dental issues"
3884,2023-06-26,"Dental Cleaning","Cleaning done, no dental issues"
3225,2022-06-26,"Injury","Sprain identified, rest and limited movement advised"
1261,2023-02-23,"Annual Checkup","Vaccination completed, next due in 1 year"
6919,2023-03-01,"Ear Infection","Medication and follow-up in 2 weeks for infection"
8981,2023-03-27,"Annual Checkup","Diet adjustment recommended for weight management"
1735,2023-09-23,"Ear Infection","Medication and follow-up in 2 weeks for infection"
3856,2023-04-11,"Dental Cleaning","Cleaning done, no dental issues"
5958,2022-08-27,"Annual Checkup","All clear, healthy diet recommended"
2755,2023-01-24,"Annual Checkup","All clear, healthy diet recommended"
8047,2023-06-21,"Annual Checkup","Diet adjustment recommended for weight management"
7799,2023-02-02,"Ear Infection","Medication and follow-up in 2 weeks for infection"
7172,2022-10-07,"Injury","Minor surgery performed, recovery monitored"
9581,2022-04-13,"Annual Checkup","Diet adjustment recommended for weight management"
4768,2023-10-30,"Dental Cleaning","Cleaning done, no dental issues"
9,2023-12-01,"Dental Cleaning","Cleaning done, no dental issues"
7970,2023-01-31,"Dental Cleaning","Cleaning done, no dental issues"
1297,2022-12-31,"Annual Checkup","Diet adjustment recommended for weight management"
5919,2023-06-17,"Dental Cleaning","Cleaning done, no dental issues"
7374,2023-01-16,"Injury","Sprain identified, rest and limited movement advised"
5017,2023-09-20,"Dental Cleaning","Cleaning done, no dental issues"
4024,2022-11-04,"Annual Checkup","All clear, healthy diet recommended"
5578,2023-06-20,"Dental Cleaning","Cleaning done, no dental issues"
2794,2022-09-12,"Annual Checkup","All clear, healthy diet recommended"
6731,2022-12-30,"Annual Checkup","Diet adjustment recommended for weight management"
3370,2022-07-30,"Annual Checkup","All clear, healthy diet recommended"
5414,2023-03-24,"Injury","Sprain identified, rest and limited movement advised"
2794,2022-05-10,"Injury","Sprain identified, rest and limited movement advised"
6806,2022-10-24,"Dental Cleaning","Cleaning done, no dental issues"
1846,2023-02-05,"Annual Checkup","All clear, healthy diet recommended"
8705,2023-01-10,"Annual Checkup","All clear, healthy diet recommended"
1370,2022-06-13,"Injury","Sprain identified, rest and limited movement advised"
831,2023-01-13,"Injury","Sprain identified, rest and limited movement advised"
3638,2023-05-06,"Injury","Minor surgery performed, recovery monitored"
1901,2022-09-12,"Annual Checkup","All clear, healthy diet recommended"
121,2022-10-24,"Annual Checkup","All clear, healthy diet recommended"
8387,2022-10-27,"Injury","Sprain identified, rest and limited movement advised"
1585,2023-11-24,"Dental Cleaning","Cleaning done, no dental issues"
5017,2023-06-17,"Ear Infection","Medication and follow-up in 2 weeks for infection"
1204,2022-10-31,"Annual Checkup","Diet adjustment recommended for weight management"
3530,2023-11-28,"Annual Checkup","Vaccination completed, next due in 1 year"
3289,2022-05-08,"Injury","Physical therapy recommended for joint issues"
6482,2022-11-02,"Dental Cleaning","Cleaning done, no dental issues"
1239,2023-05-01,"Annual Checkup","Diet adjustment recommended for weight management"
1169,2022-11-21,"Dental Cleaning","Cleaning done, no dental issues"
4592,2023-10-06,"Dental Cleaning","Cleaning done, no dental issues"
3223,2023-07-24,"Annual Checkup","All clear, healthy diet recommended"
1334,2023-12-05,"Annual Checkup","All clear, healthy diet recommended"
7956,2023-03-05,"Dental Cleaning","Cleaning done, no dental issues"
6896,2022-07-26,"Annual Checkup","Vaccination completed, next due in 1 year"
8244,2023-07-04,"Injury","Physical therapy recommended for joint issues"
4777,2022-09-22,"Injury","Sprain identified, rest and limited movement advised"
7833,2022-11-03,"Annual Checkup","All clear, healthy diet recommended"
4584,2023-07-04,"Annual Checkup","All clear, healthy diet recommended"
8387,2023-05-28,"Annual Checkup","Diet adjustment recommended for weight management"
5643,2023-07-23,"Injury","Sprain identified, rest and limited movement advised"
4001,2023-07-31,"Injury","Minor surgery performed, recovery monitored"
9305,2022-08-14,"Annual Checkup","Diet adjustment recommended for weight management"
5288,2022-05-23,"Dental Cleaning","Cleaning done, no dental issues"
5984,2023-12-10,"Annual Checkup","Diet adjustment recommended for weight management"
8244,2022-12-29,"Annual Checkup","All clear, healthy diet recommended"
1345,2023-06-17,"Dental Cleaning","Cleaning done, no dental issues"
9227,2023-10-29,"Injury","Minor surgery performed, recovery monitored"
3291,2022-05-07,"Annual Checkup","All clear, healthy diet recommended"
6725,2022-06-26,"Annual Checkup","Diet adjustment recommended for weight management"
9223,2022-12-22,"Annual Checkup","Diet adjustment recommended for weight management"
6534,2023-04-16,"Annual Checkup","Vaccination completed, next due in 1 year"
3723,2022-10-18,"Annual Checkup","Vaccination completed, next due in 1 year"
9721,2023-12-15,"Annual Checkup","All clear, healthy diet recommended"
3638,2023-07-26,"Annual Checkup","Vaccination completed, next due in 1 year"
1968,2022-12-11,"Annual Checkup","Vaccination completed, next due in 1 year"
121,2022-12-04,"Ear Infection","Medication and follow-up in 2 weeks for infection"
751,2023-10-29,"Dental Cleaning","Cleaning done, no dental issues"
986,2023-08-12,"Dental Cleaning","Cleaning done, no dental issues"
9721,2022-12-24,"Annual Checkup","Vaccination completed, next due in 1 year"
2794,2022-09-01,"Annual Checkup","Diet adjustment recommended for weight management"
2299,2022-05-27,"Annual Checkup","Vaccination completed, next due in 1 year"
751,2022-10-15,"Annual Checkup","Diet adjustment recommended for weight management"
2058,2023-08-29,"Annual Checkup","Vaccination completed, next due in 1 year"
7352,2022-10-11,"Annual Checkup","All clear, healthy diet recommended"
6331,2023-07-22,"Injury","Sprain identified, rest and limited movement advised"
2901,2022-07-17,"Injury","Sprain identified, rest and limited movement advised"
4452,2022-04-01,"Annual Checkup","Diet adjustment recommended for weight management"
4995,2022-12-24,"Ear Infection","Medication and follow-up in 2 weeks for infection"
7298,2023-04-27,"Dental Cleaning","Cleaning done, no dental issues"
6901,2023-11-22,"Injury","Sprain identified, rest and limited movement advised"
1585,2023-08-07,"Dental Cleaning","Cleaning done, no dental issues"
6897,2023-10-02,"Annual Checkup","All clear, healthy diet recommended"
7190,2022-08-29,"Injury","Physical therapy recommended for joint issues"
9684,2022-12-09,"Dental Cleaning","Cleaning done, no dental issues"
741,2022-06-29,"Ear Infection","Medication and follow-up in 2 weeks for infection"
9018,2022-04-03,"Annual Checkup","Vaccination completed, next due in 1 year"
428,2023-03-31,"Annual Checkup","Vaccination completed, next due in 1 year"
3846,2022-11-24,"Injury","Sprain identified, rest and limited movement advised"
8993,2023-06-23,"Annual Checkup","All clear, healthy diet recommended"
5699,2022-10-13,"Dental Cleaning","Cleaning done, no dental issues"
2278,2022-07-07,"Ear Infection","Medication and follow-up in 2 weeks for infection"
3695,2023-10-23,"Annual Checkup","Vaccination completed, next due in 1 year"
5632,2022-04-28,"Dental Cleaning","Cleaning done, no dental issues"
6689,2023-12-11,"Annual Checkup","Diet adjustment recommended for weight management"
9230,2023-03-28,"Dental Cleaning","Cleaning done, no dental issues"
3686,2023-07-05,"Dental Cleaning","Cleaning done, no dental issues"
9472,2022-09-05,"Injury","Minor surgery performed, recovery monitored"
7482,2023-02-14,"Dental Cleaning","Cleaning done, no dental issues"
9578,2023-09-29,"Annual Checkup","All clear, healthy diet recommended"
6409,2022-05-16,"Dental Cleaning","Cleaning done, no dental issues"
4060,2023-02-22,"Annual Checkup","All clear, healthy diet recommended"
8840,2023-05-15,"Ear Infection","Medication and follow-up in 2 weeks for infection"
7393,2022-11-26,"Injury","Minor surgery performed, recovery monitored"
5501,2023-05-11,"Annual Checkup","Diet adjustment recommended for weight management"
9695,2023-06-28,"Ear Infection","Medication and follow-up in 2 weeks for infection"
5288,2022-04-24,"Annual Checkup","All clear, healthy diet recommended"
1888,2022-11-27,"Annual Checkup","Diet adjustment recommended for weight management"
5445,2022-10-14,"Ear Infection","Medication and follow-up in 2 weeks for infection"
3484,2023-06-23,"Annual Checkup","Diet adjustment recommended for weight management"
3723,2022-06-21,"Annual Checkup","Vaccination completed, next due in 1 year"
8877,2023-02-13,"Annual Checkup","Diet adjustment recommended for weight management"
5017,2023-06-13,"Annual Checkup","Vaccination completed, next due in 1 year"
6534,2023-07-08,"Injury","Physical therapy recommended for joint issues"
7680,2023-06-22,"Annual Checkup","All clear, healthy diet recommended"
5107,2022-05-07,"Injury","Minor surgery performed, recovery monitored"
5445,2022-06-28,"Injury","Minor surgery performed, recovery monitored"
7833,2022-04-28,"Injury","Physical therapy recommended for joint issues"
3484,2022-06-16,"Injury","Minor surgery performed, recovery monitored"
532,2022-07-30,"Injury","Minor surgery performed, recovery monitored"
8691,2023-06-15,"Annual Checkup","Diet adjustment recommended for weight management"
3220,2022-12-07,"Ear Infection","Medication and follow-up in 2 weeks for infection"
9018,2023-02-09,"Annual Checkup","Diet adjustment recommended for weight management"
1382,2022-08-24,"Annual Checkup","Vaccination completed, next due in 1 year"
8710,2023-03-24,"Annual Checkup","Diet adjustment recommended for weight management"
5457,2022-11-23,"Injury","Sprain identified, rest and limited movement advised"
7716,2023-01-26,"Dental Cleaning","Cleaning done, no dental issues"
3767,2023-09-27,"Annual Checkup","Diet adjustment recommended for weight management"
5919,2022-05-24,"Dental Cleaning","Cleaning done, no dental issues"
9721,2023-05-15,"Ear Infection","Medication and follow-up in 2 weeks for infection"
2735,2023-10-25,"Annual Checkup","All clear, healthy diet recommended"
5421,2022-04-17,"Annual Checkup","Vaccination completed, next due in 1 year"
2717,2023-11-14,"Annual Checkup","Diet adjustment recommended for weight management"
3686,2023-07-11,"Injury","Minor surgery performed, recovery monitored"
1968,2022-11-26,"Injury","Sprain identified, rest and limited movement advised"
3988,2022-04-23,"Annual Checkup","Diet adjustment recommended for weight management"
4192,2023-04-12,"Annual Checkup","Diet adjustment recommended for weight management"
556,2023-04-04,"Ear Infection","Medication and follow-up in 2 weeks for infection"
2755,2023-05-21,"Injury","Physical therapy recommended for joint issues"
8103,2023-12-06,"Ear Infection","Medication and follow-up in 2 weeks for infection"
4777,2022-08-14,"Dental Cleaning","Cleaning done, no dental issues"
7113,2023-02-02,"Dental Cleaning","Cleaning done, no dental issues"
9236,2023-01-26,"Annual Checkup","Diet adjustment recommended for weight management"
774,2023-12-24,"Annual Checkup","Diet adjustment recommended for weight management"
2144,2022-06-13,"Annual Checkup","All clear, healthy diet recommended"
9230,2022-12-13,"Annual Checkup","Diet adjustment recommended for weight management"
215,2022-12-10,"Annual Checkup","Vaccination completed, next due in 1 year"
2342,2022-06-18,"Annual Checkup","All clear, healthy diet recommended"
7799,2023-09-09,"Annual Checkup","Diet adjustment recommended for weight management"
9167,2023-04-02,"Injury","Sprain identified, rest and limited movement advised"
3228,2022-09-16,"Injury","Sprain identified, rest and limited movement advised"
2178,2023-08-26,"Dental Cleaning","Cleaning done, no dental issues"
7891,2023-12-29,"Annual Checkup","All clear, healthy diet recommended"
6683,2023-06-13,"Annual Checkup","Vaccination completed, next due in 1 year"
9011,2022-07-24,"Dental Cleaning","Cleaning done, no dental issues"
1006,2023-05-16,"Ear Infection","Medication and follow-up in 2 weeks for infection"
5863,2023-06-25,"Ear Infection","Medication and follow-up in 2 weeks for infection"
8103,2022-06-21,"Injury","Physical therapy recommended for joint issues"
9632,2022-04-26,"Ear Infection","Medication and follow-up in 2 weeks for infection"
7891,2022-12-18,"Annual Checkup","All clear, healthy diet recommended"
1297,2022-09-03,"Annual Checkup","Vaccination completed, next due in 1 year"
5037,2022-12-22,"Dental Cleaning","Cleaning done, no dental issues"
9813,2022-07-03,"Injury","Physical therapy recommended for joint issues"
7825,2022-12-08,"Injury","Minor surgery performed, recovery monitored"
9407,2023-10-11,"Dental Cleaning","Cleaning done, no dental issues"
8746,2023-03-14,"Annual Checkup","Vaccination completed, next due in 1 year"
3735,2023-04-10,"Annual Checkup","Vaccination completed, next due in 1 year"
1888,2022-11-11,"Annual Checkup","All clear, healthy diet recommended"
9618,2022-04-09,"Dental Cleaning","Cleaning done, no dental issues"
7891,2023-02-28,"Annual Checkup","Vaccination completed, next due in 1 year"
4060,2022-08-21,"Annual Checkup","Vaccination completed, next due in 1 year"
3225,2022-11-11,"Injury","Physical therapy recommended for joint issues"
2843,2022-05-16,"Dental Cleaning","Cleaning done, no dental issues"
3225,2022-09-07,"Annual Checkup","Diet adjustment recommended for weight management"
3309,2023-10-03,"Annual Checkup","All clear, healthy diet recommended"
4937,2022-08-07,"Injury","Physical therapy recommended for joint issues"
9930,2023-03-31,"Dental Cleaning","Cleaning done, no dental issues"
5540,2022-05-10,"Ear Infection","Medication and follow-up in 2 weeks for infection"
2729,2023-06-07,"Annual Checkup","Diet adjustment recommended for weight management"
2869,2023-07-29,"Dental Cleaning","Cleaning done, no dental issues"
2729,2022-09-24,"Dental Cleaning","Cleaning done, no dental issues"
9407,2022-06-10,"Annual Checkup","Vaccination completed, next due in 1 year"
9,2023-08-02,"Injury","Sprain identified, rest and limited movement advised"
5457,2022-09-10,"Annual Checkup","Vaccination completed, next due in 1 year"
6816,2022-09-11,"Dental Cleaning","Cleaning done, no dental issues"
3147,2022-10-16,"Annual Checkup","All clear, healthy diet recommended"
217,2022-12-10,"Injury","Sprain identified, rest and limited movement advised"
3088,2022-07-03,"Annual Checkup","All clear, healthy diet recommended"
3828,2023-07-18,"Ear Infection","Medication and follow-up in 2 weeks for infection"
9712,2022-09-20,"Annual Checkup","Vaccination completed, next due in 1 year"
3884,2023-04-25,"Annual Checkup","Diet adjustment recommended for weight management"
2544,2023-11-13,"Injury","Minor surgery performed, recovery monitored"
3587,2023-01-27,"Dental Cleaning","Cleaning done, no dental issues"
5406,2022-12-29,"Dental Cleaning","Cleaning done, no dental issues"
2912,2022-10-08,"Annual Checkup","All clear, healthy diet recommended"
9769,2023-05-13,"Annual Checkup","Diet adjustment recommended for weight management"
585,2022-05-27,"Annual Checkup","Vaccination completed, next due in 1 year"
9539,2023-10-11,"Annual Checkup","Vaccination completed, next due in 1 year"
2888,2023-02-01,"Injury","Minor surgery performed, recovery monitored"
7891,2022-12-07,"Dental Cleaning","Cleaning done, no dental issues"
9419,2022-10-03,"Ear Infection","Medication and follow-up in 2 weeks for infection"
8702,2023-03-25,"Ear Infection","Medication and follow-up in 2 weeks for infection"
8342,2022-04-27,"Annual Checkup","All clear, healthy diet recommended"
8354,2022-05-05,"Annual Checkup","All clear, healthy diet recommended"
2492,2023-07-28,"Annual Checkup","Vaccination completed, next due in 1 year"
7485,2022-09-07,"Dental Cleaning","Cleaning done, no dental issues"
4583,2022-07-30,"Annual Checkup","All clear, healthy diet recommended"
6454,2022-08-29,"Dental Cleaning","Cleaning done, no dental issues"
8353,2023-05-03,"Injury","Physical therapy recommended for joint issues"
5323,2023-03-15,"Dental Cleaning","Cleaning done, no dental issues"
5630,2023-06-12,"Injury","Minor surgery performed, recovery monitored"
2837,2022-10-03,"Injury","Minor surgery performed, recovery monitored"
5334,2023-11-19,"Annual Checkup","Diet adjustment recommended for weight management"
309,2023-06-09,"Annual Checkup","Vaccination completed, next due in 1 year"
7692,2023-10-15,"Ear Infection","Medication and follow-up in 2 weeks for infection"
6482,2022-04-08,"Annual Checkup","All clear, healthy diet recommended"
9659,2023-07-06,"Annual Checkup","Vaccination completed, next due in 1 year"
6556,2023-07-08,"Annual Checkup","Vaccination completed, next due in 1 year"
3190,2022-04-20,"Dental Cleaning","Cleaning done, no dental issues"
3530,2023-01-02,"Dental Cleaning","Cleaning done, no dental issues"
1846,2022-10-16,"Ear Infection","Medication and follow-up in 2 weeks for infection"
8387,2023-09-14,"Annual Checkup","All clear, healthy diet recommended"
1678,2023-02-20,"Annual Checkup","All clear, healthy diet recommended"
9712,2023-12-06,"Dental Cleaning","Cleaning done, no dental issues"
6609,2022-08-17,"Annual Checkup","Vaccination completed, next due in 1 year"
5747,2023-03-19,"Dental Cleaning","Cleaning done, no dental issues"
3856,2023-09-25,"Ear Infection","Medication and follow-up in 2 weeks for infection"
5940,2023-10-18,"Annual Checkup","All clear, healthy diet recommended"
5323,2023-08-12,"Annual Checkup","Diet adjustment recommended for weight management"
2058,2022-06-26,"Annual Checkup","Vaccination completed, next due in 1 year"
8353,2022-06-22,"Dental Cleaning","Cleaning done, no dental issues"
5925,2022-04-25,"Annual Checkup","Vaccination completed, next due in 1 year"
9558,2023-03-05,"Dental Cleaning","Cleaning done, no dental issues"
6338,2022-08-22,"Annual Checkup","Vaccination completed, next due in 1 year"
538,2023-06-14,"Annual Checkup","All clear, healthy diet recommended"
8177,2022-04-02,"Annual Checkup","All clear, healthy diet recommended"
1772,2023-11-05,"Annual Checkup","All clear, healthy diet recommended"
9218,2023-11-24,"Dental Cleaning","Cleaning done, no dental issues"
8710,2022-07-09,"Ear Infection","Medication and follow-up in 2 weeks for infection"
6731,2023-01-30,"Injury","Physical therapy recommended for joint issues"
4438,2022-09-26,"Annual Checkup","Vaccination completed, next due in 1 year"
6518,2023-09-22,"Injury","Sprain identified, rest and limited movement advised"
2869,2023-06-24,"Injury","Physical therapy recommended for joint issues"
3750,2022-12-30,"Injury","Minor surgery performed, recovery monitored"
831,2022-11-15,"Annual Checkup","Vaccination completed, next due in 1 year"
4947,2022-10-20,"Annual Checkup","Vaccination completed, next due in 1 year"
7331,2023-09-25,"Dental Cleaning","Cleaning done, no dental issues"
4073,2023-03-18,"Annual Checkup","All clear, healthy diet recommended"
4768,2022-12-01,"Ear Infection","Medication and follow-up in 2 weeks for infection"
7296,2023-12-07,"Annual Checkup","All clear, healthy diet recommended"
4690,2023-11-29,"Annual Checkup","Diet adjustment recommended for weight management"
2381,2023-10-30,"Dental Cleaning","Cleaning done, no dental issues"
6729,2022-06-03,"Annual Checkup","Vaccination completed, next due in 1 year"
8354,2023-02-19,"Annual Checkup","All clear, healthy diet recommended"
6205,2022-10-19,"Annual Checkup","Diet adjustment recommended for weight management"
4307,2022-04-17,"Dental Cleaning","Cleaning done, no dental issues"
6963,2022-11-03,"Annual Checkup","All clear, healthy diet recommended"
1060,2023-12-02,"Ear Infection","Medication and follow-up in 2 weeks for infection"
2729,2022-08-14,"Annual Checkup","All clear, healthy diet recommended"
503,2023-07-13,"Annual Checkup","All clear, healthy diet recommended"
9960,2023-07-25,"Annual Checkup","Diet adjustment recommended for weight management"
3467,2022-09-19,"Dental Cleaning","Cleaning done, no dental issues"
2415,2022-11-14,"Annual Checkup","Diet adjustment recommended for weight management"
7757,2023-06-09,"Annual Checkup","Vaccination completed, next due in 1 year"
6851,2022-08-21,"Dental Cleaning","Cleaning done, no dental issues"
9236,2023-11-28,"Injury","Minor surgery performed, recovery monitored"
9271,2023-07-22,"Dental Cleaning","Cleaning done, no dental issues"
9946,2022-12-09,"Dental Cleaning","Cleaning done, no dental issues"
5578,2022-10-14,"Annual Checkup","Diet adjustment recommended for weight management"
9163,2023-07-30,"Dental Cleaning","Cleaning done, no dental issues"
6102,2023-11-16,"Annual Checkup","Diet adjustment recommended for weight management"
8697,2022-11-25,"Injury","Minor surgery performed, recovery monitored"
7331,2022-04-06,"Annual Checkup","Diet adjustment recommended for weight management"
5194,2022-05-23,"Dental Cleaning","Cleaning done, no dental issues"
3828,2022-06-15,"Dental Cleaning","Cleaning done, no dental issues"
1370,2023-06-20,"Annual Checkup","Diet adjustment recommended for weight management"
1939,2023-01-10,"Dental Cleaning","Cleaning done, no dental issues"
4212,2023-08-28,"Dental Cleaning","Cleaning done, no dental issues"
8586,2023-06-08,"Annual Checkup","Diet adjustment recommended for weight management"
7113,2023-01-12,"Annual Checkup","Vaccination completed, next due in 1 year"
3612,2023-07-23,"Annual Checkup","All clear, healthy diet recommended"
6617,2023-02-07,"Annual Checkup","Vaccination completed, next due in 1 year"
9968,2022-10-03,"Dental Cleaning","Cleaning done, no dental issues"
6121,2023-12-08,"Annual Checkup","All clear, healthy diet recommended"
5243,2023-07-03,"Annual Checkup","All clear, healthy diet recommended"
3767,2022-07-29,"Annual Checkup","Vaccination completed, next due in 1 year"
5925,2023-10-30,"Annual Checkup","Vaccination completed, next due in 1 year"
6121,2022-05-31,"Annual Checkup","Diet adjustment recommended for weight management"
5789,2023-09-07,"Injury","Minor surgery performed, recovery monitored"
5421,2022-11-08,"Dental Cleaning","Cleaning done, no dental issues"
7416,2023-01-27,"Dental Cleaning","Cleaning done, no dental issues"
4150,2022-07-28,"Annual Checkup","All clear, healthy diet recommended"
2747,2023-11-07,"Dental Cleaning","Cleaning done, no dental issues"
1001,2023-03-25,"Annual Checkup","Vaccination completed, next due in 1 year"
6556,2023-09-03,"Injury","Minor surgery performed, recovery monitored"
9,2023-01-13,"Dental Cleaning","Cleaning done, no dental issues"
8702,2022-09-17,"Ear Infection","Medication and follow-up in 2 weeks for infection"
9136,2022-04-06,"Injury","Physical therapy recommended for joint issues"
4278,2023-09-24,"Annual Checkup","All clear, healthy diet recommended"
8705,2022-09-21,"Dental Cleaning","Cleaning done, no dental issues"
5747,2023-05-07,"Injury","Minor surgery performed, recovery monitored"
1956,2023-09-01,"Annual Checkup","All clear, healthy diet recommended"
9124,2022-11-23,"Ear Infection","Medication and follow-up in 2 weeks for infection"
7799,2023-02-17,"Dental Cleaning","Cleaning done, no dental issues"
3617,2023-12-22,"Annual Checkup","Vaccination completed, next due in 1 year"
9856,2023-01-15,"Dental Cleaning","Cleaning done, no dental issues"
3569,2022-10-12,"Ear Infection","Medication and follow-up in 2 weeks for infection"
9187,2022-07-18,"Annual Checkup","Vaccination completed, next due in 1 year"
8676,2022-10-13,"Injury","Sprain identified, rest and limited movement advised"
8510,2022-06-02,"Injury","Sprain identified, rest and limited movement advised"
3750,2023-02-14,"Annual Checkup","Vaccination completed, next due in 1 year"
1678,2023-07-09,"Annual Checkup","All clear, healthy diet recommended"
1939,2023-01-19,"Annual Checkup","Diet adjustment recommended for weight management"
2726,2022-08-26,"Dental Cleaning","Cleaning done, no dental issues"
6556,2022-04-06,"Dental Cleaning","Cleaning done, no dental issues"
1963,2023-08-24,"Annual Checkup","All clear, healthy diet recommended"
8840,2023-07-22,"Annual Checkup","Diet adjustment recommended for weight management"
6482,2023-07-08,"Annual Checkup","All clear, healthy diet recommended"
2590,2023-12-14,"Annual Checkup","All clear, healthy diet recommended"
2898,2022-08-19,"Annual Checkup","All clear, healthy diet recommended"
9525,2022-08-14,"Annual Checkup","All clear, healthy diet recommended"
2191,2022-12-03,"Annual Checkup","Diet adjustment recommended for weight management"
9445,2023-07-01,"Annual Checkup","Diet adjustment recommended for weight management"
717,2022-09-07,"Annual Checkup","Vaccination completed, next due in 1 year"
7004,2023-11-30,"Annual Checkup","All clear, healthy diet recommended"
8940,2022-05-23,"Annual Checkup","Diet adjustment recommended for weight management"
9379,2023-02-15,"Annual Checkup","All clear, healthy diet recommended"
2837,2023-08-05,"Annual Checkup","Vaccination completed, next due in 1 year"
4438,2022-04-13,"Annual Checkup","Vaccination completed, next due in 1 year"
9581,2022-04-07,"Dental Cleaning","Cleaning done, no dental issues"
1949,2023-02-14,"Dental Cleaning","Cleaning done, no dental issues"
3484,2023-04-28,"Dental Cleaning","Cleaning done, no dental issues"
6556,2023-12-09,"Annual Checkup","Diet adjustment recommended for weight management"
8226,2023-09-27,"Annual Checkup","Diet adjustment recommended for weight management"
9695,2023-02-06,"Injury","Minor surgery performed, recovery monitored"
658,2022-07-23,"Dental Cleaning","Cleaning done, no dental issues"
3846,2023-02-05,"Annual Checkup","Diet adjustment recommended for weight management"
9379,2022-04-21,"Ear Infection","Medication and follow-up in 2 weeks for infection"
3821,2023-10-02,"Annual Checkup","Diet adjustment recommended for weight management"
2287,2023-01-18,"Annual Checkup","All clear, healthy diet recommended"
9561,2022-11-10,"Annual Checkup","Diet adjustment recommended for weight management"
6518,2023-03-11,"Dental Cleaning","Cleaning done, no dental issues"
5288,2023-10-17,"Annual Checkup","Diet adjustment recommended for weight management"
9218,2023-06-01,"Annual Checkup","All clear, healthy diet recommended"
3026,2023-05-12,"Injury","Minor surgery performed, recovery monitored"
4834,2023-09-17,"Injury","Minor surgery performed, recovery monitored"
2178,2023-09-15,"Dental Cleaning","Cleaning done, no dental issues"
7485,2022-08-11,"Annual Checkup","All clear, healthy diet recommended"
9136,2022-04-15,"Annual Checkup","All clear, healthy diet recommended"
3228,2023-07-30,"Injury","Physical therapy recommended for joint issues"
9163,2023-01-20,"Annual Checkup","Vaccination completed, next due in 1 year"
2805,2022-05-28,"Injury","Sprain identified, rest and limited movement advised"
8070,2022-09-14,"Injury","Physical therapy recommended for joint issues"
